"class","avg_eng"
1,67.5
2,39.6428571428571
3,61.4285714285714
4,52.5
5,53.9285714285714
6,50.7142857142857
