"class","avg_mat","avg_eng"
5,90,77
6,92.1428571428571,57.1428571428571
